Acolyte Liche Priest,6,6,5,5,8,5,11,6,1,8,Quarterstaff (R) (F:1/C:--/Great),Fearsome,Spellcaster (Necromantic),Grave Dust,Miniature Silver Sarcophagus
Alaric Von Loth Undead Champion (WD 150),8,1,6,8,6,10,3,4,5,6,Magical Sword (White Reaver),(F:--/C:12/+1 Free Attack/turn),(Plate Mail?),Fearsome
Alaric Von Loth Undead Champion (WD150),8,1,6,8,6,10,3,4,5,6,Magical Sword-White Reaver,(F:--/C:12) (+1 free attack each,turn),Fearsome,Immune to damage for the first,four turns (?)
Apprentice Necromancer,6,6,5,5,8,6,10,4,1,7,Quarterstaff (R) (F:1/C:--/Great),Spellcaster (Necromantic),Grave Dust,Miniature Silver Sarcophagus
Assassin,9,8,6,7,12,9,7,4,5*,12,Arming Sword x2* (Blade,Venom: +1DD*),Throwing Knives x2,(R4/D2*/EX6/Cleaving/Blade,Venom: +1 DD),Alert,Blade Fury
Bat Swarm,6,1,4,4,10,7,2,12,2,7,Claws and Fangs (F:1/C:--),Fearsome,Fly
Beastlord,10,5,7,9,8,11,9,9,6,12,Great Axe (Cleaving/Great),(F:1-2/C:11-12),Chain Coat
Beastman,6,4,5,7,7,7,5,4,3,2,Arming Sword
Beastman (WD 122),6,4,5,8,6,7,5,4,3,1*,Arming Sword,Heater Shield,Leather Jack,*PV should be 2
Beastman Champion,8,5,6,9,6,8,6,5,4,4,Arming Sword,Heater Shield,Leather Jack
Beastman Sentry,6,5,5,7,8,7,6,4,3,2,Arming Sword,Sentry
Beastman Sentry (WD 122),6,5,5,7,7,7,5,4,3,2,Arming Sword,Heater Shield,Sentry
Beastman Warlord,9,6,7,10,6,9,7,6,5,4,Arming Sword,Heater Shield,Chain Mail
Beastmaster,8,7,5,5,12,9,9,3,3,2,Whip (R),(F:1-2/C:12/Unreliable),Beastmaster
Bestigor Champion Great Axeman,9,5,6,9,8,10,6,4,5,4,Great Axe (Cleaving/Great),(F:1-2/C:11-12),Knight’s Plate
Bestigor Great Axeman,8,4,6,9,8,10,6,3,5,3,Great Axe (Cleaving/Great),(F:1-2/C:11-12),Knight’s Plate
Bestigor Great Swordsman,8,4,6,9,8,10,6,3,5,3,Bidenhander (Great),(F:1-2/C:11-12),Knight’s Plate
Big ‘Un,7,4,6,7,6,7,5,6,4,3,Axe (Cleaving),Heater Shield
Big ‘Un (*),7,3,6,9,4,7,5,6,4,3,Axe (Cleaving),Heater Shield,Chain Coat
Black Guard,9,6,5,7,8,10,9,3,3,3,Scythe (R),(F:1-2/C:10-12*/Great),Chain Coat,Accurate*
Black Guard Champion,10,6,5,7,8,11,9,4,3,4,Arming Sword (F:1/C:11-12),Chain Coat,Accurate,Blade Fury
Black Orc Champion Axeman,8,3,6,8,5,8,6,5,4,4,Axe (Cleaving),Heater Shield,Leather Jack
Black Orc Champion Swordsman,8,3,6,8,5,8,6,5,4,4,Arming Sword,Heater Shield,Leather Jack
Black Orc Spearman,7,3,6,8,5,8,6,4,3,3,Lugged Spear (R),(R8/D1/EX7/Throw/Swift Shot),Heater Shield,Leather Jack
Black Orc Swordsman,7,3,6,8,5,8,6,4,4,3,Arming Sword,Heater Shield,Leather Jack
Black Orc Warboss,10,5,7,7,6,9,7,10,5,14,Footman’s Hammer,(R8/D5/EX7) (Throw/Swift Shot),Blade Fury,Heater Shield,Knight’s Plate,
Blazing Skeleton 6 4 5 5 6 10 2 3 3 4 Flames of Death
Blood Dragon Vampire,10,5,7,9,10,9,8,6,5*,12,Arming Sword x2*,Blade Fury,Blood Powers,Fearsome,Spellcaster (Necromantic),Miniature Golden Ankh
Blood Dragon Vampire Lord,10,6,7,10,10,11,11,9,5*,16,Arming Sword x2,Blade Fury,Blood Powers,Fearsome,Spellcaster (Necromantic),Miniature Golden Ankh
Bloodthirster,5,3,8,10,10,8,5,6,6,12,Claws & Fangs (F:1/C:--),Fearsome,Flight,Invulnerable,Large
Bray-Shaman,7,6,5,6,10,7,9,6,2,10,Quarterstaff (R) (F:1/C:--/Great),Spellcaster (Dark Magic),Pinch of Warpstone x2,Miniature Silver Dagger x2
Bull Centaur Render Axeman,7,4,6,10,12,11,8,10,4,8,Axe (Cleaving),Chain Coat,Fearsome,Large
Bull Centaur Render Axeman,7,4,6,10,12,11,8,10,4,9,Axe x2 (Cleaving),Chain Coat,Blade Fury,Fearsome,Large
Bull Centaur Render Champion,8,4,7,10,12,11,8,11,5,10,Axe (Cleaving),Chain Coat,Fearsome,Large
Bull Centaur Render Great Axeman,7,4,6,10,12,11,8,10,5,10,Great Axe (Cleaving/Great),(F:1-2/C:11-12),Chain Coat,Fearsome,Large
Bull Centaur Taur’ruk,8,5,7,9,12,11,9,12,5,13,Axe (Cleaving),Chain Coat,Blade Fury,Cleaving,Fearsome,Large
Bull Centaur Taur’ruk Great Axeman,8,5,7,9,12,11,9,13,6,15,Great Axe (Cleaving/Great),(F:1-2/C:11-12),Chain Coat,Cleaving,Fearsome,Large,,
Cairn Wraith,6,1,5,5,12,10,4,6,3,6,Scythe (R),(F:1-2/C:11+/Great),Blade Fury,Fearsome,Invulnerable
Cairn Wraith (*),6,1,5,5,12,10,4,6,4,6,Claymore (R),(F:1-2/C:11+/Cleaving/Great),Blade Fury,Fearsome,Invulnerable
Carnosaur,6,1,9,9,12,9,1,15,7,13,Claws & Fangs (F:1/C:--),Berserker,Fearsome,Large
Carrion,6,1,6,6,10,8,2,6,4,5,Claws and Fangs (F:1/C:--),Fearsome,Fly,Large
Cave Squig,7,1,7,5,8,7,1,3,5,2,Claws & Fangs (F:1/C:--)
Cenigor Axeman,7,3,6,9,11,10,6,6,4,5,Axe (Cleaving),Heater Shield,Leather Jack
Cenigor Champion Great Axeman,8,4,6,8,11,10,6,7,5,6,Great Axe (Cleaving/Great),(F:1-2/C:11-12),Leather Jack
Cenigor Great Axeman,7,3,6,9,11,10,6,6,5,5,Great Axe (Cleaving/Great),(F:1-2/C:11-12),Heater Shield,Leather Jack
Cenigor Spearman,7,3,6,9,11,10,6,6,3,5,Lugged Spear (R) (Throw/Swift,Shot) (MR8/D1/EX7),Heater Shield,Leather Jack
Cenigor Swordsman,7,3,6,9,11,10,6,6,4,5,Arming Sword,Heater Shield,Leather Jack
Chaos Champion,10,4,6,10,6,10,8,4,5*,8,Great Axe (F:1-2/C:11-12),(Cleaving/Great),Heater Shield,Knight’s Plate,*Sould be 6 for that weapon
Chaos Chosen Axeman,9,3,6,10,6,11,7,4,4,5,Axe (Cleaving),Heater Shield,Knights Plate
Chaos Chosen Champion Axeman,10,3,7,10,6,10,7,5,5,7,Axe (Cleaving),Heater Shield,Knights Plate
Chaos Chosen Champion Great Axe,10,4,7,9,6,10,7,5,6,7,Great Axe (F:1-2/C:11-12),(Cleaving/Great),Knight’s Plate
Chaos Chosen Champion Great Swordsman,10,4,7,9,6,10,7,5,6,7,Claymore (R) (F:1-2/C:11-12),(Cleaving/Great),Knight’s Plate
Chaos Chosen Champion Spearman,10,3,7,10,6,10,7,5,4,7,Lugged Spear (R),(R8/D2/EX7/Throw/Swift Shot),Heater Shield,Knight’s Plate
Chaos Chosen Champion Swordsman,10,3,7,10,6,10,7,5,5,7,Arming Sword,Heater Shield,Knight’s Plate
Chaos Chosen Great Axe,9,4,6,9,6,11,7,4,5,5,Great Axe (F:1-2/C:11-12),(Cleaving/Great),Knight’s Plate
Chaos Chosen Great Sword,9,4,6,9,6,11,7,4,5,5,Claymore (R) (F:1-2/C:11-12),(Cleaving/Great),Knight’s Plate
Chaos Chosen Mark of Khorne Axeman,9,3,6,10,6,11,7,4,4,7,Axe (Cleaving),Heater Shield,Knights Plate,Berserker
Chaos Chosen Mark of Khorne Swordsman,9,3,6,10,6,11,7,4,4,7,Arming Sword,Heater Shield,Knight’s Plate,Berserker
Chaos Chosen Mark of Nurgle Axeman,9,3,7,10,6,11,7,5,5,7,Axe (Cleaving),Heater Shield,Knights Plate
Chaos Chosen Mark of Nurgle Swordsman,9,3,7,10,6,11,7,5,5,7,Arming Sword,Heater Shield,Knight’s Plate
Chaos Chosen Mark of Slaanesh Axeman,9,3,6,10,6,11,7,4,4,6,Axe (Cleaving),Heater Shield,Knights Plate,Accurate,Alert
Chaos Chosen Mark of Slaanesh Swordsman,9,3,6,10,6,11,7,4,4,6,Arming Sword,Heater Shield,Knight’s Plate,Accurate,Alert
Chaos Chosen Mark of Tzeench Axeman,9,3,6,10,6,11,7,4,4,8,Axe (Cleaving),Heater Shield,Knights Plate,Invulnerable
Chaos Chosen Mark of Tzeench Swordsman,9,3,6,10,6,11,7,4,4,8,Arming Sword,Heater Shield,Knight’s Plate,Invulnerable
Chaos Chosen Spearman,9,3,6,10,6,11,7,4,3,5,Lugged Spear (R),(R8/D2/EX7/Throw/Swift Shot),Heater Shield,Knight’s Plate
Chaos Chosen Swordsman,9,3,6,10,6,11,7,4,4,5,Arming Sword,Heater Shield,Knight’s Plate
Chaos Forsaken Axeman,7,1,6,9,6,10,7,5,4,5,Axe (Cleaving),Heater Shield,Knights Plate,Berserker
Chaos Forsaken Axeman,7,1,6,9,6,10,7,5,4,6,Axe (Cleaving),Heater Shield,Knights Plate,Berserker,Blade Fury
Chaos Forsaken Great Axe,7,2,6,8,6,10,7,5,5,5,Great Axe (F:1-2/C:11-12),(Cleaving/Great),Knight’s Plate,Berserker
Chaos Forsaken Great Axeman,7,2,6,8,6,10,7,5,5,6,Great Axe (F:1-2/C:11-12),(Cleaving/Great),Knight’s Plate,Berserker,Blade Fury
Chaos Forsaken Great Sword,7,2,6,8,6,10,7,5,5,5,Claymore (R) (F:1-2/C:11-12),(Cleaving/Great),Knight’s Plate,Berserker
Chaos Forsaken Great Swordsman,7,2,6,8,6,10,7,5,5,6,Claymore (R) (F:1-2/C:11-12),(Cleaving/Great),Knight’s Plate,Berserker,Blade Fury
Chaos Forsaken Spearman,7,1,6,9,6,10,7,5,3,5,Lugged Spear (R),(R8/D2/EX7/Throw/Swift Shot),Heater Shield,Knight’s Plate,Berserker
Chaos Forsaken Spearman,7,1,6,9,6,10,7,5,3,6,Lugged Spear (R),(R8/D2/EX7/Throw/Swift Shot),Heater Shield,Knight’s Plate,Berserker,Blade Fury
Chaos Forsaken Swordsman,7,1,6,9,6,10,7,5,4,5,Arming Sword,Heater Shield,Knight’s Plate,Berserker
Chaos Forsaken Swordsman,7,1,6,9,6,10,7,5,4,6,Arming Sword,Heater Shield,Knight’s Plate,Berserker,Blade Fury
Chaos Lord,12,3,6,10,6,10,8,5,4*,12,Axe x2* (Cleaving),Knight’s Plate,Blade Fury
Chaos Lord Double Axeman,10,4,7,10,6,10,9,9,6,12,Axe x2* (Cleaving),Kight’s Plate,Blade Fury
Chaos Lord Great Axeman,10,4,7,10,6,10,9,9,6,12,Great Axe (F:1-2/C:11-12),(Cleaving/Great),Kight’s Plate
Chaos Lord Mark of Khorne,10,4,7,10,6,10,9,9,6,14,Claymore (R) (F:1-2/C:11-12),(Cleaving/Great),Kight’s Plate,Berserker
Chaos Lord Mark of Nurgle,10,4,8,10,6,10,9,10,7,14,Claymore (R) (F:1-2/C:11-12),(Cleaving/Great),Kight’s Plate
Chaos Lord of Tzeentch (WD 150),12,3,6,10,6,10,8,5,4,12,Axe (Cleaving),Knight’s Plate,Blade Fury,Cleaving,Mask of Tzeentch (Fearsome)
Chaos Marauder Archer,7,5,5,6,7,9,7,3,3,1,Arming Sword,Footman’s Bow,(R24/D3/EX4/Great/Swift Shot),Leather Jack
Chaos Marauder Axeman,7,4,5,7,7,9,7,3,3,1,Axe (Cleaving),Heater Shield,Leather Jack
Chaos Marauder Axeman (*),7,3,5,8,6,9,7,3,3,1,Axe (Cleaving),Heater Shield,Chain Coat
Chaos Marauder Spearman,7,4,5,7,7,9,7,3,2,1,Lugged Spear (R),(R8/D1/EX7/Throw/Swift Shot),Heater Shield,Leather Jack
Chaos Marauder Spearman (*),7,3,5,8,6,9,7,3,2,1,Lugged Spear (R),(R8/D1/EX7/Throw/Swift Shot),Heater Shield,Chain Coat
Chaos Marauder Swordsman,7,4,5,7,7,9,7,3,3,1,Arming Sword,Heater Shield,Leather Jack
Chaos Marauder Swordsman (*),7,3,5,8,6,9,7,3,3,1,Arming Sword,Heater Shield,Chain Coat
Chaos Sentry,7,6,5,6,8,8,6,3,3,2,Arming Sword,Heater Shield,Sentry
Chaos Sorcerer,8,6,6,6,8,9,9,6,2,12,Quarterstaff (R) (F:1/C:--/Great),Spellcaster (Dark Magic),Pinch of Warpstone,Miniature Silver Dagger
Chaos Sorcerer,7,3,5,7,8,9,10,4,3,11,Scythe (R),(F:1-2/C:11+/Great),Spellcaster (Dark Magic),Choke,Fireball,Flamming Skull of Terror
Chaos Sorcerer Lord,8,6,6,6,8,9,9,6,2,14,Quarterstaff (R) (F:1/C:--/Great),Spellcaster (Dark Magic),Channeling/Focusing,Miniature Silver Dagger x2,Pinch of Warpstone x2
Chaos Spawn,6,1,6,7,12,12,1,12,4,8,Claws & Fangs (F:1/C:--),Blade Fury
Chaos Spawn,6,0,6,7,8,12,1,9,4,8,Claws & Fangs (R) (F:1/C:--),Accurate,Blade Fury,Fearsome
Chaos Spawn Mark of Khorne,6,1,6,7,12,12,1,12,4,10,Claws & Fangs (F:1/C:--),Berserker,Blade Fury
Chaos Spawn Mark of Nurgle,6,0,6,8,12,12,1,13,4,10,Claws & Fangs (F:1/C:--),Blade Fury
Chaos Thug,7,5,5,7,7,8,6,3,3,1,Arming Sword,Heater Shield,Leather Jack
Chaos Thug Sentry,7,6,5,6,8,8,6,3,3,2,Arming Sword,Heater Shield,Sentry
Chaos Warrior,8,4,6,9,6,9,8,4,4*,4,Axe (Cleaving),Heater Shield,Knight’s Plate,*Corrected in TitD
Chaos Warrior Axeman,8,3,6,9,6,9,8,4,4,4,Axe (Cleaving),Heater Shield,Knights Plate
Chaos Warrior Axeman (*),8,3,6,10,6,9,8,4,4,4,Axe (Cleaving),Heater Shield,Knights Plate
Chaos Warrior Champion Axeman,9,3,7,9,6,9,9,5,5,5,Axe (Cleaving),Heater Shield,Knights Plate
Chaos Warrior Champion Axeman (*),9,3,7,10,6,9,9,5,5,5,Axe (Cleaving),Heater Shield,Knights Plate
Chaos Warrior Champion Great Axeman,9,3,7,9,6,9,9,5,6,5,Great Axe (F:1-2/C:11-12),(Cleaving/Great),Heater Shield,Knight’s Plate
Chaos Warrior Champion Great Axeman (*),9,3,7,10,6,9,9,5,6,5,Great Axe (F:1-2/C:11-12),(Cleaving/Great),Heater Shield,Knight’s Plate
Chaos Warrior Champion Spearman,9,3,7,9,6,9,9,5,4,5,Lugged Spear (R),(R8/D2/EX7/Throw/Swift Shot),Heater Shield,Knight’s Plate
Chaos Warrior Champion Spearman (*),9,3,7,10,6,9,9,5,4,5,Lugged Spear (R),(R8/D2/EX7/Throw/Swift Shot),Heater Shield,Knight’s Plate
Chaos Warrior Champion Swordsman,9,3,7,9,6,9,9,5,5,5,Arming Sword,Heater Shield,Knight’s Plate
Chaos Warrior Champion Swordsman (*),9,3,7,10,6,9,9,5,5,5,Arming Sword,Heater Shield,Knight’s Plate
Chaos Warrior Great Axe,8,4,6,8,6,9,8,4,5,4,Great Axe (F:1-2/C:11-12),(Cleaving/Great),Knight’s Plate
Chaos Warrior Great Axe (*),8,4,6,9,6,9,8,4,5,4,Great Axe (F:1-2/C:11-12),(Cleaving/Great),Knight’s Plate
Chaos Warrior Great Sword,8,4,6,8,6,9,8,4,5,4,Claymore (R) (F:1-2/C:11-12),(Cleaving/Great),Knight’s Plate
Chaos Warrior Great Sword (*),8,4,6,9,6,9,8,4,5,4,Claymore (R) (F:1-2/C:11-12),(Cleaving/Great),Knight’s Plate
Chimera,7,1,8,7,12,7,5,12,6,11,Claws & Fangs (F:1/C:--),Blade Fury,Fearsome,Large
Clan Eshin Assassin,9,9,5,7,12,9,7,4,3,8,Arming Sword,Alert x2,Special Rules (see AHQ)
Clan Eshin Assassin Kheewyzz (WD 134),9,9,5,7,12,9,7,4,3,8,Arming Sword,Alert x2,Special Rules (see WD 134).
Clan Mors Warlord,10*,5,9*,8,9,9,7,4,7*,10,Sigil Sword,(ST+2/DD+2/F:1/C:11+/Aim x2,/Runeblade)*,Chain Coat,Heater Shield
Clan Mors Warlord Shaffat (WD134),8,5,7,8,9,9,7,4,6*,6,Bloodthirsty Glaive (R),(D+1*/F:1-2/C:11+)
Clan Pestilens Plague Censer Bearer,6,6,4,5,10,6,6,3,2,6,Arming Sword,Plague Censer (R),(D1/F:1-2/C:12/Armor Piercing/,Blast),Special Rules (see AHQ)
Clan Pestilens Plague Monk,6,6,4,5,10,6,8,3,2*,6,Knife (M/T),(R4/D2*/EX7/Swift Shot),Special Rules (see AHQ),*Should be DD1 given its ST
Clan Skryre Warpweaver,5,6,4,5,10,6,9,3,1,6,Knife (M/T),(R4/D1/EX7/Swift Shot),Spellcaster (Dark Magic),Firebal,Flaming Skull of Terror
Clan Skryre White Skaven Sorcerer,5,7,5,5,10,6,10,4,1,10,Knife (M/T),(R4/D1/EX7/Swift Shot),Spellcaster (Dark Magic),Choke,Fireball x2,Flaming Skull of Terror,Special Rules (see AHQ)
Clan Skyre Sorcerer Tsekkaz (WD 134),5,7,5,5,10,6,10,4,1,10,Knife (M/T) (R4/D1/EX7/Swift,Shot),Spellcaster (Dark Magic),Choke,Fireball x2,Flaming Skull of Terror,Special Rules (see WD 134)
Clanrat Sentry,6,6,5,6,10,6,6,3,3,2*,Arming Sword,Heater Shield,Sentry,*Optional: PV1
Clanrat Warden,6,4,5,7,9,6,6,3,2,1,Lugged Spear (R),(R8/D1/EX7/Throw/Swift Shot),Heater Shield,Leather Jack
Clanrat Warden (*),6,5,5,6,10,6,6,3,2,1,Lugged Spear (R),(R8/D1/EX7/Throw/Swift Shot),Heater Shield
Clanrat Warden Champion,7,5,6,7,9,6,6,4*,3,2,Lugged Spear (R),(R8/D2/EX7/Throw/Swift Shot),Heater Shield,Leather Jack,*Optional: W3
Clanrat Warden Champion (*),7,5,6,8,8,6,6,4*,3,2,Lugged Spear (R),(R8/D2/EX7/Throw/Swift Shot),Heater Shield,Chain Coat,*Optional: W3
Clanrat Warrior,6,4,5,7,9,6,6,3,3,1,Arming Sword,Heater Shield,Leather Jack
Clanrat Warrior (*),6,5,5,6,10,6,6,3,3,1,Arming Sword,Heater Shield
Clanrat Warrior Archer,6,6,5,5,10,6,6,3,1,1,Knife (M/T),(R4/D1/EX7/Swift Shot),Footman’s Bow,(R24/D3/EX4/Great/Swift Shot)
Clanrat Warrior Archer (*),6,5,5,6,9,6,6,3,1,1,Knife (M/T),(R4/D1/EX7/Swift Shot),Footman’s Bow,(R24/D3/EX4/Great/Swift Shot),Leather Jack
Clanrat Warrior Champion,7,5,6,7,9,6,6,4*,4,2,Arming Sword,Heater Shield,Leather Jack,*Optional: W3
Clanrat Warrior Champion (*),7,5,6,8,8,6,6,4*,4,2,Arming Sword,Heater Shield,Chain Coat,*Optional: W3
Claw Chieftain,8,4,7,10,8,8,6,5,5,9,Arming Sword,Heater Shield,Knight’s Plate,Blade Fury
Claw Chieftain (*),8,5,7,9,8,8,6,5,6,9,Claymore (R) (F:1-2/C:11+),(Cleaving/Great),Knight’s Plate,Blade Fury
Claw Warlord,9,4,7,10,8,9,7,6,5,10,Arming Sword,Heater Shield,Knight’s Plate
Cockatrice,7,8,6,7,9,7,7,12,4,10,Claws & Fangs (F:1/C:--),Fearsome,Large,Petrifying Gaze (R:12/F:1/C:--),"If hit, target must pass IN test or",suffers an injury
Cold One,6,1,6,8,12,6,1,3,4,3,Claws & Fangs (F:1/C:--),Berserker,Fearsome
Common Troll,6,4,7,6,12,6,2,9,6,8,Great Club (Great),Troll Vomit (R) (ArmorPiercing/,Blast) (MR3/D3/EX--),Fearsome,Large,Regeneration
Count Strahd 10 6 6 8 7 8 8 6 5 10 Flight *FEARSOME Hypnotize
Crypt Vampire,9,7,7,6,12,9,8,6,5,10,Arming Sword,Blood Powers,Fearsome,Spellcaster (Necromantic),Grave Dust,Miniature Golden Ankh
Cygor,5,5,8,7,12,10,11,15,6,14,Claws & Fangs (R) (F:1/C:--),Accurate,Blade Fury,Fearsome,Large,Special: Cleaving and Accurate,vs spellcasters and models w/,magic items that cast spells
Daemonette,8,1,5,7,10,10,6,4,3,12,Claws & Fangs (F:1/C:--),Blade Fury,Fearsome,Invulnerable,Fireball x1 (see TitD)
Daemonsmith Sorcerer,7,7,6,7,5,9,11,6,4,10,Axe (Cleaving),Spellcaster (Dark Magic),Pinch of Warpstone x2,Vial of Swamp Gas x2
Dark Elf Assassin,12,10,6,6,10,10,10,6,4,12,Arming Sword (F:1/C:11-12*),Leather Jack,Footman’s Crossbow (Slow Fire/,Swift Shot/Ammunition-Bolt),(R36/D4/EX4),Accurate*,Alert x2,Blade Fury,Cleaving
Dark Elf Champion Swordsman,9,7,5,6,9,9,9,4,3,2,Arming Sword,Leather Jack
Dark Elf Master,10,7,6,7,9,9,9,9,4,11,Arming Sword,Heater Shield,Leather JAck,Blade Fury
Dark Elf Master Great Sword,10,6,6,8,7,9,9,6,5,8,Claymore (R) (F:1-2/C:11-12),(Cleaving/Great),Chain Coat,Berseker
Dark Elf Master Swordsman,10,8,6,6,9,10,10,6,4,6,Arming Sword,Leather Jack
Dark Elf Warrior Crossbowman,8,5,5,7,9,9,9,3,3,2,Arming Sword,Heater Shield,Leather Jack,Footman’s Crossbow (Slow Fire/,Swift Shot/Ammunition-Bolt),(R36/D4/EX4)
Dark Elf Warrior Crossbowman Sentry,8,6,5,6,9,9,9,3,3,3,Arming Sword,Leather Jack,Footman’s Crossbow (Slow Fire/,Swift Shot/Ammunition-Bolt),(R36/D4/EX4),Sentry
Dark Elf Warrior Sentry,8,5,5,7,10,9,9,3,3,2,Arming Sword,Heater Shield,Leather Jack,Alert,Sentry
Dark Elf Warrior Spearman,8,5,5,7,9,9,9,3,2,1,Lugged Spear (R),(R8/D2/EX7/ /Swift Shot/Throw),Heater Shield,Leather Jack
Dark Elf Warrior Swordsman,8,5,5,7,9,9,9,3,3,1,Arming Sword,Heater Shield,Leather Jack
Dark Elf Warrior Swordsman (*),8,5,5,8,8,9,9,3,3,1,Arming Sword,Heater Shield,Leather Jack
Dark Elf Witch,8,6,5,6,10,9,9,4,3,4,Arming Sword,Heater Shield,Berserker,Blade Fury,Cleaving
Dark Elf Witch Champion,9,7,5,5,10,9,9,4,3,5,Arming Sword,Berserker,Blade Fury,Cleaving
Dark Vampire,9,7,7,6,12,9,8,6,5,10,Arming Sword,Blood Powers,Fearsome,Spellcaster (Dark Magic),Miniature Silver Dagger,Vial of Swamp Gas
Death Hag,10,8,6,6,9,10,9,6,4,10,Arming Sword (F:1/C:11-12*),Leather Jack,Accurate*,Blade Fury,Cleaving,Frenzy (?)
Deathrunner,7,7,5,5,12,8,7,3,4*,4,Arming Sword (BladeFury/Blade,Venom +1DD*),Herdsman’s Sling,(R12/D1/Swift Shot/Unreliable),Alert
Deathrunner (*),7,6,5,7,11,8,7,3,4*,4,Arming Sword (BladeFury/Blade,Venom: +1DD*),Herdsman’s Sling,(R12/D1/Swift Shot/Unreliable),Chain Coat,Alert
Deathrunner Champion,8,8,5,5,12,8,7,4,4*,5,Arming Sword (Blade Venom:,+1DD*),Herdsman’s Sling,(R12/D1/Swift Shot/Unreliable),Alert,Blade Fury (w/sword)
Deathrunner Champion (*),8,7,5,7,11,8,7,4,4*,5,Arming Sword (Blade Venom:,+1DD*),Herdsman’s Sling,(R12/D1/Swift Shot/Unreliable),Chain Coat,Alert/Blade Fury (w/sword)
Dire Wolf,6,1,5,5,12,7,4,3,3,2,Claws and Fangs (F:1/C:--),Fearsome
Doom Flayer,6,5,5,7,8,5,7,4,3,11,Arming Sword,Doom-Flayer (D4/F:--/C:9+/,Blade Fury/Team/To-Hit vs,Target’s Speed),Chain Coat
Doom Wolf,7,1,5,7,12,7,4,4,3,3,Claws and Fangs,(F:1/C:--),Blade Fury,Fearsome
Doombull,9,5,9,8,11,11,7,15,8,16,Great Axe (Cleaving/Great),(F:1-2/C:11-12),Leather Jack,Berserker,Blade Fury,Cleaving,,
Dragon,9,1,8,9,12,10,10,18,6,30,Claws & Fangs (F:1/C:--),Blade Fury,Channeling,Fearsome,Large,Spellcaster (Dark Magic),Pinch of Warpstone x2,Vial of Swamp Gas x2,,,
Dragon Ogre,7,4,7,8,11,10,7,12,6,14,Great Axe (F:1-2/C:11-12),(Cleaving/Great),Leather Jack,Blade Fury,Fearsome,Large
Dragon Ogre Champion,8,4,8,8,11,10,7,13,7,16,Great Axe (F:1-2/C:11-12),(Cleaving/Great),Leather Jack,Blade Fury,Fearsome,Large
Dreadlord Great Swordsman,11,8,6,6,9,10,10,9,5,12,Claymore (R) (F:1-2/C:11-12),(Cleaving/Great),Leather Jack,Blade Fury
Dreadlord Swordsman,11,7,6,7,9,10,10,9,4,11,Arming Sword,Heater Shield,Leather Jack,Blade Fury
Dreadlord Swordsman,11,7,6,7,9,10,10,9,4,13,Arming Sword,Heater Shield,Leather JAck,Blade Fury,
Edrin The Shifty Human Bandit (WD 150),7,9,6,5,9,8,9,3,5*,4,Axe (Cleaving),6x Poisoned Knife (M/T),(R4/D1/EX7/Swift Shot) (Cause,Disease),*Should be 4 given its ST
Exalted Hero Axeman,10,3,7,10,6,10,8,6,5,10,Axe (Cleaving),Shield,Kight’s Plate
Exalted Hero Double Axeman,10,4,7,9,6,10,8,6,6*,10,Axe x2* (Cleaving),Kight’s Plate,Blade Fury
Exalted Hero Great Swordsman,10,4,7,9,6,10,8,6,6,10,Claymore (R) (F:1-2/C:11-12),(Cleaving/Great),Kight’s Plate
Exalted Hero Mark of Khorne,10,4,7,9,6,10,8,6,6,12,Great Axe (F:1-2/C:11-12),(Cleaving/Great),Kight’s Plate,Berserker
Exalted Hero Mark of Nurgle,10,4,7,10,6,10,8,7,6,12,Great Axe (F:1-2/C:11-12),(Cleaving/Great),Kight’s Plate
Executioner,9,6,5,7,8,9,9,3,4,3,Claymore (R) (F:1-2/C:11-12),(Cleaving/Great),Chain Coat
Executioner Champion,10,7,6,7,8,9,9,4,5,4,Claymore (R) (F:1-2/C:11-12),(Cleaving/Great),Chain Coat,Berseker
Fang Chieftain,8,4,7,10,8,8,6,5,5,9,Voulge (R),(F:1-2/C:11+),Heater Shield,Knight’s Plate,Blade Fury
Fang Warlord,9,4,7,10,8,9,7,6,5,10,Voulge (R),(F:1-2/C:11+),Heater Shield,Knight’s Plate,Blade Fury
Fell Bat,6,1,5,5,10,7,2,6,3,4,Claws and Fangs (F:1/C:--),Fearsome,Fly
Fimir,8,1,5,8,6,8,6,5,3,3,Axe (Cleaving),Heater Shield,Leather Jack,Blade Fury
Fimir,6,2,5,7,6,8,5,4,3,7*,Axe (Cleaving),Leather Jack,Blade Fury,Large? Fearsome? (See TitD),*Suggested:PV2
Flesh Golem 7 0 7 9 4 9 1 6 5 8 *BERSERKER  *LARGE
Gargoyle 6 0 7 7 3 9 4 4 3 3
Ghorgon,6,0,8,8,12,12,11,18,6,20,Claws & Fangs (R) (F:1/C:--),Accurate,Blade Fury,Berserker,Cleaving,Fearsome,Large,Regeneration
Ghoul (WD 159),6,2,5,6,6,8,2,4,4*,2,Claws and Fangs (F:1/C:--),Fearsome,*Poisonous Talons +1DD
Ghoul Ravenloft 6 2 5 6 6 8 2 4 3 2
Ghoul Terror,6,2,5,6,6,8,2,4,3,2,Morning Star,Fearsome
Giant Rat,5,--,4*,5,12,5,3,2,2*,½,Claws & Fangs (F:1/C:--),*Optional: ST5/DD3
Giant Rat (WD 159) 5 -- 3 5 10 6 6 1 2* ½ Claws & Fangs (F:1/C:--) *Should be DD1 given its ST
Giant Spider,6,1,5,5,12,4,1,3,3,1,Claws & Fangs (F:1/C:--),Fly
Giant Vampire Bat (WD 159),6,-,3,6,12,8,7,1,2,½,Claws and Fangs (F:1/C:--),Bloodsucking Bite
Goblin,5,5,4,5,6,5,5,2,2,½,Arming Sword
Goblin Archer,5,6,4,5,7,5,5,2,1,½,Knife (M/T),(R4/D1/EX7/Swift Shot),Footman’s Bow,(R24/D3/EX4/Great/Swift Shot)
Goblin Archer (*),5,5,5,6,7,5,5,2,1,½,Knife (M/T),(R4/D1/EX7/Swift Shot),Footman’s Bow,(R24/D3/EX4/Great/Swift Shot),Leather Jack
Goblin Archer,5,5,4,5,7,5,5,2,1,½,Knife (M/T),(R4/D1/EX7/Swift Shot),Footman’s Bow,(R24/D3/EX4/Great/Swift Shot)
Goblin Big Boss,7,4,6,7,6,6,4,6,5,5,Battle Axe (F:1-2/C:11-12),(Cleaving/Great),Leather Jack,Blade Fury
Goblin Great Shaman,5,4,5,7,6,4,7,8,3,8,Axe (Cleaving),Leather Jack,Blade Fury,Spellcaster (Dark Magic),Enhancing/Focusing,Vial of Swamp Gas,Pinch of Warpstone
Goblin Sentry,5,4,4,6,8,5,5,2,2,1,Arming Sword,Heater Shield,Sentry
Goblin Spearman,5,5,4,5,7,5,5,2,1,½,Lugged Spear (R),(R8/D1/EX7/Throw/Swift Shot)
Goblin Spearman (*),5,4,4,6,7,5,5,2,1,½,Lugged Spear (R),(R8/D1/EX7/Throw/Swift Shot),Heater Shield
Goblin Spearman (**),5,4,5,6,7,5,5,2,2,½,Lugged Spear (R),(R8/D1/EX7/Throw/Swift Shot),Heater Shield
Goblin Swordsman,5,5,4,5,7,5,5,2,2,½,Arming Sword
Goblin Swordsman (*),5,4,4,6,7,5,5,2,2,½,Arming Sword,Heater Shield
Goblin Swordsman (**),5,4,5,6,7,5,5,2,3,½,Arming Sword,Heater Shield
Goblin War Boss,8,3,6,8,6,7,5,8,4,6,Axe (Cleaving),Heater Shield,Leather Jack,Blade Fury
Gor Archer,8,5,5,7,9,9,7,4,3,2,Footman’s Bow,(Great/Swift Shot),(MR24/D3/EX4),Arming Sword,Leather Jack
Gor Axeman,8,5,5,7,10,9,7,4,3,2,Axe (Cleaving),Heater Shield
Gor Axeman (*),8,4,5,8,9,9,7,4,3,2,Axe (Cleaving),Heater Shield,Leather Jack
Gor Champion Axeman,9,4,6,8,9,9,7,5,4,3,Axe (Cleaving),Heater Shield,Leather Jack
Gor Champion Great Swordsman,9,4,6,8,9,9,7,5,5,3,Claymore (R) (F:1-2/C:11-12),(Cleaving/Great),Heater Shield,Leather Jack
Gor Champion Spearman,9,4,6,8,9,9,7,5,3,3,Lugged Spear (R) (Throw/Swift,Shot) (MR8/D1/EX7),Heater Shield,Leather Jack
Gor Champion Swordsman,9,4,6,8,9,9,7,5,4,3,Arming Sword,Heater Shield,Leather Jack
Gor Spearman,8,5,5,7,10,9,7,4,2,2,Lugged Spear (R) (Throw/Swift,Shot) (MR8/D1/EX7),Heater Shield
Gor Spearman (*),8,4,5,8,9,9,7,4,2,2,Lugged Spear (R) (Throw/Swift,Shot) (MR8/D1/EX7),Heater Shield,Leather Jack
Gor Swordsman,8,5,5,7,10,9,7,4,3,2,Arming Sword,Heater Shield
Gor Swordsman (*),8,4,5,8,9,9,7,4,3,2,Arming Sword,Heater Shield,Leather Jack
Gorebull,8,5,8,8,11,10,6,12,7,13,Great Axe (Cleaving/Great),(F:1-2/C:11-12),Leather Jack,Berserker,Blade Fury,Cleaving
Gorger,7,0,7,7,12,12,7,12,5,13,Claws and Fangs (F:1/C:--),Accurate/Berserker,Cleaving,Fearsome,Large
Grave Guard,7,4,6,9,6,10,3,4,4,4,Arming Sword (Cleaving),Heater Shield,Chain Coat,Fearsome
Grave Guard Champion,7,3,6,10,6,10,3,5,4,5,Arming Sword (Cleaving),Knight’s Plate,Heater Shield,Fearsome
Gravestorm 8 0 8 10 6 8 2 8 6 12 Inferno of Doom  *LARGE
Great Bray-Shaman,8,6,6,7,10,8,10,15,2,14,Quarterstaff (R) (F:1/C:--/Great),Spellcaster (Dark Magic),Channeling,Focusing,Pinch of Warpstone,Miniature Silver Dagger
Great Orc Shaman,6,4,6,8,5,6,8,9,4,12,Axe (Cleaving),Leather Jack,Blade Fury,Spellcaster (Dark Magic),Enhancing/Focusing,Vial of Swamp Gas x2,Pinch of Warpstone x2,Golden Statue of a Daemon x2
Greater Daemon Of Tzeenetch,7,1,8,9,8,10,--,10,6,20,Claws & Fangs (F:1/C:--),Blade Fury/Fearsome,Invulnerabke/Large,Spellcaster (Dark Magic),Choke x2,Fireball x2,Flaming Skull of Terror,,
Greater Liche Priest,6,6,5,6,8,7,11,9,1,12,Quarterstaff (R) (F:1/C:--/Great),Fearsome,Spellcaster (Necromantic),Grave Dust,Miniature Silver Sarcophagus
Grey Seer,6,6,5,6,10,8,9,4,3,15,Arming Sword,Spellcaster (Dark Magic),Channeling/Enhancing/Focusing,Pinch of Warp Stone x2,Golden Statue of a Daemon,Heart of a Hero,Miniature Sever Dagger,Vial of Swamp Gas
Grugnar Facebreaker Human Bandit (WD 150),8,2,6,10,5,7,7,4,7,5,Bidenhander (Great),(F:1-2/C:11-12),Cain Coat
Gutter Runner,7,7,5,5,12,7,8,3,3,3,Arming Sword,Herdsman’s Sling,(R12/D1/Swift Shot/Unreliable),Alert,Blade Fury
Gutter Runner (*),7,6,5,6,11,7,8,3,3,3,Arming Sword,Herdsman’s Sling,(R12/D1/Swift Shot/Unreliable),Leather Jack,Alert/Blade Fury
Gutter Runner Champion,8,8,5,5,12,7,8,4,3,4,Arming Sword,Herdsman’s Sling,(R12/D1/Swift Shot/Unreliable),Alert,Blade Fury
Gutter Runner Champion (*),8,7,5,7,11,7,8,4,3,4,Arming Sword,Herdsman’s Sling,(R12/D1/Swift Shot/Unreliable),Chain Coat,Alert,Blade Fury
Harpy,6,1,5,5,12,5,8,3,3,1,Claws & Fangs (F:1/C:--),Alert,Fly
Hell Pit Abomination,7,2,8,7,10,11,7,15,6,18,Claws and Fangs,(F:1/C:--),Berserker,Blade Fury,Fearsome,Large,Regeneration
Herman Zorin Follower of Tzeentch (WD150),9,7,7,8,6,9,8,5,5,8,Sword,Chain Coat,Knife (M/T),(R4/D1/EX7/Swift Shot),Footman’s Crossbow,(Ammunition-Bolt SlowFire/,Swift Shot/) (R36/D4/EX4),Leaf Bolts x12,Magical Crescent Ring,(opponents suffer -1 To-Hit)
High Necromancer,6,6,5,5,8,6,10,6,1,11,Quarterstaff (R) (F:1/C:--/Great),Fearsome,Spellcaster (Necromantic),Channeling,Corpse Blood,Grave Dust x2,Miniature Silver Sarcophagus
Hobgoblin Axeman,6,5,5,6,7,5,5,3,3,1,Hand Axe (Cleaving),Heater Shield
Hobgoblin Axeman (*),6,4,5,7,6,5,5,3,3,1,Hand Axe (Cleaving),Heater Shield,Leather Jack
Hobgoblin Sentry,6,5,5,6,8,5,5,3,3,1,Arming Sword,Heater Shield,Sentry
Hobgoblin Spearman,6,5,5,6,7,5,5,3,2,1,Lugged Spear (R),(R8/D1/EX7/Throw/Swift Shot),Heater Shield
Hobgoblin Spearman (*),6,4,5,7,6,5,5,3,2,1,Lugged Spear (R),(R8/D1/EX7/Throw/Swift Shot),Heater Shield,Leather Jack
Hobgoblin Swordsman,6,5,5,6,7,5,5,3,3,1,Arming Sword,Heater Shield
Hobgoblin Swordsman (*),6,4,5,7,6,5,5,3,3,1,Arming Sword,Heater Shield,Leather Jack
Howling Hag 3 0 3 3 4 7 5 3 3 5 Flight Sentry
Hydra,7,1,7,7,12,9,5,15,5,13,Claws & Fangs (F:1/C:--),Blade Fury,Fearsome,Flaming,Large,Regeneration
Infernal Castellan,9,5,6,10,4,11,9,6,4,10,Axe (Cleaving),Knight’s Plate,Blade Fury
Infernal Guard Axeman,7,4,6,9,4,11,9,4,4,3,Axe (Cleaving),Knight’s Plate
Infernal Guard Axeman (*),7,3,6,10,4,11,9,4,4,3,Axe (Cleaving),Heater Shield,Knight’s Plate
Infernal Guard Champion Great Axeman,8,4,7,9,4,11,9,5,6,4,Great Axe (Cleaving/Great),(F:1-2/C:11-12),Knight’s Plate
Infernal Guard Champion Swordsman,8,4,7,9,4,11,9,5,5,4,Arming Sword,Knight’s Plate
Infernal Guard Great Axeman,7,4,6,9,4,11,9,4,5,3,Great Axe (Cleaving/Great),(F:1-2/C:11-12),Knight’s Plate
Infernal Guard Swordsman,7,4,6,9,4,11,9,4,4,3,Arming Sword,Knight’s Plate
Infernal Guard Swordsman (*),7,3,6,10,4,11,9,4,4,3,Arming Sword,Heater Shield,Knight’s Plate
Infernal Ironsworn Swordsman,8,3,6,10,4,10,10,4,4,4,Arming Sword,Heater Shield,Knight’s Plate,Cleaving
Initiate Liche Priest,6,6,5,5,8,5,11,6,1,10,Quarterstaff (R) (F:1/C:--/Great),Fearsome,Spellcaster (Necromantic),Grave Dust x2,Heart of a Hero,Miniature Silver Sarcophagus
Jabberslythe,7,7,7,7,12,11,10,15,5,16,Claws & Fangs (R) (F:1/C:--),Accurate,Blade Fury,Cleaving,Fearsome,Fly,Large
Jezzail,6,6,5,5,10,5,7,4,3,7,Arming Sword,Warplock Jezzail,(R48/D6/F:1-2/C:--/ArmorPiercin,/Clumsy/SlowFire/Team)
Jezzail (*),6,5,5,7,8,5,7,4,3,7,Arming Sword,Warplock Jezzail,(R48/D6/F:1-2/C:--/ArmorPiercin,/Clumsy/Slow Fire/Team),Chain Coat
Jezzail Champion,6,7,5,5,10,5,7,4,3,8,Arming Sword,Warplock Jezzail,(R48/D6/F:1-2/C:--/ArmorPiercin,/Clumsy/Slow Fire/Team)
Jezzail Champion (*),6,6,5,7,8,5,7,4,3,8,Arming Sword,Warplock Jezzail,(R48/D6/F:1-2/C:--/ArmorPiercin,/Clumsy/Slow Fire/Team),Chain Coat
Journeyman Necromancer,6,6,5,5,8,6,10,6,1,9,Quarterstaff (R) (F:1/C:--/Great),Fearsome,Spellcaster (Necromantic),Corpse Blood,Grave Dust,Miniature Silver Sarcophagusx2
Klack 4 5 3 5 5 5 7 3 3 7 Still air Sentry
Kobold Skirmisher 6 6 5 7 11 6 6 3 3 2  Sentry
Lahmian Vampire,9,7,7,6,13,9,8,6,5,12,Claws and Fangs (F:1/C:--),Fearsome,Hypnotize,Spellcaster (Dark Magic),Heart of a Hero,Miniature Silver Dagger x2
Lahmian Vampire Lord,10,8,7,7,13,11,11,9,5,16,Claws and Fangs (F:1/C:--),Fearsome,Hypnotize,Spellcaster (Dark Magic),Heart of a Hero,Miniature Silver Dagger x2,Vial of Swamp Gas
Leadbelcher,7,5,6,7,11,9,7,9,5,11,Great Club (Great),Leadbelcher Cannon (Blast/,Cleaving)(MR24/D7)(F:1-2/C:12),Leather Jack,Blade Fury,Fearsome,Large
Leadbelcher Champion,8,6,6,7,11,9,7,10,5,13,Great Club (Great),Leadbelcher Cannon (Blast/,Cleaving)(MR24/D7)(F:1-2/C:12),Leather Jack,Blade Fury,Fearsome,Large
Leadbelcher Irongut,7,4,6,9,10,9,7,9,5,12,Great Club (Great),Leadbelcher Cannon (Blast/,Cleaving)(MR24/D7)(F:1-2/C:12),Knight’s Plate,Blade Fury,Fearsome,Large
Lesser Liche Priest,6,6,5,5,8,5,11,6,1,12,Quarterstaff (R) (F:1/C:--/Great),Fearsome,Spellcaster (Necromantic),Channeling,Grave Dust x2,Heart of a Hero,Miniature Silver Sarcophagus
Liche,9,7,7,9,7,10,10,8,4,12,Staff/Lugged Spear (R),(R8/D2/EX7/Throw/Swift Shot),Fearsome,Hypnotize,Spellcaster (Dark Magic/Necro),Fireball x2/Flesh Flaying/Flight,Inferno of Doom,Strenghten Undead
Liche High Priest,6,6,5,6,8,7,11,9,1,12,Quarterstaff (R) (F:1/C:--/Great),Fearsome,Spellcaster (Necromantic),Grave Dust x2,Heart of a Hero,Miniature Silver Sarcophagus
Liche Priest Adept,6,6,5,5,8,5,11,6,1,10,Quarterstaff (R) (F:1/C:--/Great),Fearsome,Spellcaster (Necromantic),Channeling,Grave Dust,Miniature Silver Sarcophagus
Liche Priest Grand Hierophant,6,6,5,6,8,7,11,9,1,13,Quarterstaff (R) (F:1/C:--/Great),Fearsome,Spellcaster (Necromantic),Channeling,Grave Dust x2,Heart of a Hero,Miniature Silver Sarcophagus
Liche Priest Lesser Hierophant,6,6,5,6,8,7,11,9,1,12,Quarterstaff (R) (F:1/C:--/Great),Fearsome,Spellcaster (Necromantic),Channeling,Grave Dust,Miniature Silver Sarcophagus
Manticore,8,1,7,6,12,7,5,12,5,10,Claws & Fangs (F:1/C:--),Berserker,Fearsome,Large
Master Moulder,8,6,6,8,10,8,8,4,4,6,Things-Catcher (R),(F:1-2/C:11-12/Bash/Great),Chain Coat
Master Necromancer,6,6,5,5,8,6,10,6,1,10,Quarterstaff (R) (F:1/C:--/Great),Fearsome,Spellcaster (Necromantic),Channeling,Corpse Blood,Grave Dust x2,Miniature Silver Sarcophagus
Minotaur,7,4,7,8,8,8,4,9,7,9,Huge Club* (Great),Berserker,Fearsome,Large,*Damage Band G
Minotaur Great Axeman,7,5,7,7,11,10,9,10,6,10,Great Axe (Cleaving/Great),(F:1-2/C:11-12),Leather Jack,Fearsome,Large
Minotaur Lord,9,4,8,9,8,9,6,10,8,11,Huge Club* (Great),Berserker,Fearsome,Large,*Damage Band G
Mummy,7,1,6,8,6,10,5,4,4,10,Claws and Fangs (F:1/C:--),Cause Disease,Fearsome
Mutalith Vortex Beast,6,6,7,8,12,9,9,15,5,18,Claws & Fangs (F:1/C:--),Fearsome,Large,Regeneration
Necrach Vampire,9,7,7,6,12,9,8,6,5,14,Claws and Fangs (F:1/C:--),Blood Powers,Fearsome,Spellcaster (Necromantic),Channeling,Heart of a Hero x2,Miniature Golden Ankh,Miniature Silver Sarcophagus
Necrach Vampire Lord,10,8,7,7,12,11,11,9,5,18,Claws and Fangs (F:1/C:--),Blood Powers/Fearsome,Spellcaster (Necromantic),Channeling,Grave Dust/Heart of a Hero,Miniature Golden Ankh,Miniature SilverSarcophagus x2
Necrotect,6,5,6,8,7,9,8,6,4,7,Whip (R),(F:1-2/C:12/Unreliable),Leather Jack,Cause Disease,Fearsome,Flammable
Night Runner,6,6,5,5,12,6,7,3,3,2,Arming Sword,Herdsman’s Sling,(R12/D1/Swift Shot/Unreliable),Alert
Night Runner (*),6,4,5,7,11,6,7,3,3,2,Arming Sword,Heater Shield,Leather Jack,Alert
Nightrunner Champion,7,7,5,5,12,6,7,4,3,3,Arming Sword,Herdsman’s Sling,(R12/D1/Swift Shot/Unreliable),Alert
Nightrunner Champion (*),7,5,5,7,11,6,7,4,3,3,Arming Sword,Heater Shield,Leather Jack,Alert
Ogre,7,3,8,8,7,7,4,9,8,8,Huge Club* (Great),Fearsome,Large,Regeneration,*Damage Band G
Ogre Bruiser Double Swordsman,9,5,7,8,11,11,7,12,5*,13,Arming Sword x2*,Leather Jack,Berserker,Blade Fury,Fearsome,Large
Ogre Bruiser Great Swordsman,9,5,7,8,11,11,7,12,6,13,Leather Jack,Bidenhander (Great),(F:1-2/C:11-12),Blade Fury,Fearsome,Large
Ogre Bruiser Handgunner,9,5,7,8,11,11,7,12,5,13,Leather Jack,Arming Sword,Caliver Handgun (Ammunition/,Slow Fire/Unreliable) (MR24/D5),Blade Fury,Fearsome,Large
Ogre Bruiser Swordsman,9,4,7,9,11,11,7,12,5,13,Arming Sword,Leather Jack,Heater Shield,Blade Fury,Fearsome,Large
Ogre Bull Champion Great Axeman,7,4,7,7,9,9,7,10,6,9,Great Axe (Cleaving/Great),(F:1-2/C:11-12),Leather Jack,Cleaving,Fearsome,Large
Ogre Bull Champion Swordsman,7,3,7,8,9,9,7,10,5,9,Arming Sword,Heater Shield,Leather Jack,Cleaving,Fearsome,Large
Ogre Bull Crusher Double Axeman,6,4,6,7,9,9,7,9,4,8,Axe x2 (Cleaving),Leather Jack,Blade Fury,Cleaving,Fearsome,Large
Ogre Bull Crusher Great Axeman,6,4,6,7,9,9,7,9,5,8,Great Axe (Cleaving/Great),(F:1-2/C:11-12),Leather Jack,Blade Fury,Cleaving,Fearsome,Large
Ogre Bull Crusher Swordsman,6,3,6,8,9,9,7,9,4,8,Arming Sword,Heater Shield,Leather Jack,Blade Fury,Cleaving,Fearsome,Large
Ogre Bull Great Axeman,6,4,6,7,9,9,7,9,5,7,Great Axe (Cleaving/Great),(F:1-2/C:11-12),Leather Jack,Cleaving,Fearsome,Large
Ogre Bull Irongut Great Axeman,6,3,6,9,8,9,7,9,5,8,Great Axe (Cleaving/Great),(F:1-2/C:11-12),Knight’s Plate,Cleaving,Fearsome,Large
Ogre Bull Irongut Swordsman,6,2,6,10,8,9,7,9,4,8,Arming Sword,Heater Shield,Knight’s Plate,Cleaving,Fearsome,Large
Ogre Bull Mark of Tzeentch Great Axeman,6,4,6,7,9,9,7,9,5,10,Great Axe (Cleaving/Great),(F:1-2/C:11-12),Leather Jack,Cleaving,Fearsome,Invulnerable,Large
Ogre Bull Swordsman,6,3,6,8,9,9,7,9,4,7,Arming Sword,Heater Shield,Leather Jack,Cleaving,Fearsome,Large
Ogre Butcher,7,5,6,7,12,8,8,12,4,14,Arming Sword,Blade Fury,Cleaving,Fearsome,Large,Spellcaster (Dark Magic),Golden Statue of a Daemon,Vial of Swamp Gas
Ogre Chieftain,9,1,9,10,5,8,6,10,9*,10,Huge Club* (Great),Chain Coat,*Damage Band G
Ogre Hunter,9,6,7,8,11,11,8,10,5,12,Great Club (Great),Footman’s Crossbow (Slow Fire/,Swift Shot/Ammunition-Bolt),(R36/D4/EX4),Leather Jack,Blade Fury,Cleaving,Fearsome,Large
Ogre Maneater Champion Great Axeman,8,5,7,7,11,9,7,10,6,11,Great Axe (Cleaving/Great),(F:1-2/C:11-12),Leather Jack,Cleaving,Fearsome,Large
Ogre Maneater Champion Great Swordsman,8,5,7,7,11,9,7,10,6,11,Bidenhander (Great),(F:1-2/C:11-12),Leather Jack,Cleaving,Fearsome,Large
Ogre Maneater Champion Swordsman,8,4,7,8,11,9,7,10,5,11,Arming Sword,Leather Jack,Heater Shield,Cleaving,Fearsome,Large
Ogre Maneater Great Axeman,7,5,6,7,11,9,7,9,5,8,Great Axe (Cleaving/Great),(F:1-2/C:11-12),Leather Jack,Cleaving,Fearsome,Large
Ogre Maneater Great Swordsman,7,5,6,7,11,9,7,9,5,8,Bidenhander (Great),(F:1-2/C:11-12),Leather Jack,Cleaving,Fearsome,Large
Ogre Maneater Irongut Great Axe,7,4,6,9,10,9,7,9,5,10,Great Axe (Cleaving/Great),(F:1-2/C:11-12),Leather Jack,Cleaving,Fearsome,Large
Ogre Maneater Irongut Great Swordsman,7,4,6,9,10,9,7,9,5,10,Bidenhander (Great),(F:1-2/C:11-12),Leather Jack,Cleaving,Fearsome,Large
Ogre Maneater Irongut Swordsman,7,3,6,10,10,9,7,9,4,10,Arming Sword,Leather Jack,Heater Shield,Cleaving,Fearsome,Large
Ogre Maneater Swordsman,7,4,6,8,11,9,7,9,4,8,Arming Sword,Leather Jack,Heater Shield,Cleaving,Fearsome,Large
Ogre Slaughtermaster,8,6,6,7,12,9,9,15,4,15,Arming Sword,Blade Fury,Cleaving,Fearsome,Large,Spellcaster (Dark Magic),A Pinch of Warpstone,Golden Statue of a Daemon
Ogre Tyrant Double Swordsman,10,6,7,8,11,10,8,15,5*,15,Arming Sword x2*,Leather Jack,Berserker,Blade Fury,Fearsome,Large
Ogre Tyrant Great Swordsman,10,6,7,8,11,9,7,15,6,15,Bidenhander (Great),(F:1-2/C:11-12),Leather Jack,Blade Fury,Fearsome,Large
Ogre Tyrant Handgunner,10,6,7,8,11,10,8,15,5,15,Arming Sword,Caliver Handgun (Ammunition/,Slow Fire/Unreliable) (MR24/D5),Leather Jack,Blade Fury,Fearsome,Large
Ogre Tyrant Irongut Double Swordsman,10,5,7,10,10,10,8,15,5*,17,Arming Sword x2*,Knight’s Plate,Berserker,Blade Fury,Fearsome,Large
Ogre Tyrant Irongut Great Swordsman,10,5,7,10,10,10,8,15,6,17,Bidenhander (Great),(F:1-2/C:11-12),Knight’s Plate,Blade Fury,Fearsome,Large
Ogre Tyrant Irongut Swordsman,10,5,7,10,10,10,8,15,5,17,Arming Sword,Heater Shield,Knight’s Plate,Blade Fury,Fearsome,Large
Ogre Tyrant Swordsman,10,5,7,9,11,10,8,15,5,15,Arming Sword,Heater Shield,Leather Jack,Blade Fury,Fearsome,Large
One-Eyed Yadrey Human Bandit (WD 150),8,2,6,10,5,7,7,4,4,5,Sword,Shield,Knight’s Plate
Orc,6,5,5,7*,6,7,5,4,3,1,Arming Sword,Heater Shield,Leather Jack,*Corrected in TitD
Orc Axeman,6,5,5,7,6,7,5,4,3,1,Axe (Cleaving),Heater Shield
Orc Axeman (*),6,3,5,8,5,7,5,4,3,1,Axe (Cleaving),Heater Shield,Leather Jack
Orc Boss Axeman,7,3,6,9,5,7,5,5,4,4,Axe (Cleaving),Heater Shield,Leather Jack
Orc Boss Swordsman,7,3,6,9,5,7,5,5,4,4,Arming Sword,Heater Shield,Leather Jack
Orc Champion,7,5,6,8*,5,8,5,4,4,2,Arming Sword,Heater Shield,Chain Coat (?)
Orc Savage Axeman,6,4,5,8,6,8,5,4,3,3,Axe (Cleaving),Heater Shield,Berserker
Orc Savage Spearman,6,4,5,8,6,8,5,4,2,3,Lugged Spear (R),(R8/D1/EX7/Throw/Swift Shot),Heater Shield,Berserker
Orc Savage Swordsman,6,4,5,8,6,8,5,4,3,3,Arming Sword,Heater Shield,Berserker
Orc Sentry,6,4,5,7,8,7,5,4,3,2,Arming Sword,Heater Shield,Sentry
Orc Sentry (WD 121),6,6,5,7,7,7,4,4,3,2,Arming Sword,Heater Shield,Sentry
Orc Shaman,6,4,5,7,5,5,7,6,3,10,Axe (Cleaving),Leather Jack,Blade Fury,Spellcaster (Dark Magic),Enhancing/Focusing,Vial of Swamp Gas x2,Pinch of Warpstone x2,Golden Statue of a Daemon.
Orc Spearman,6,4,5,7,6,7,5,4,2,1,Lugged Spear (R),(R8/D1/EX7/Throw/Swift Shot),Heater Shield
Orc Spearman (*),6,3,5,8,5,7,5,4,2,1,Lugged Spear (R),(R8/D1/EX7/Throw/Swift Shot),Heater Shield,Leather Jack
Orc Swordsman,6,4,5,7,6,7,5,4,3,1,Arming Sword,Heater Shield
Orc Swordsman (*),6,3,5,8,5,7,5,4,3,1,Arming Sword,Heater Shield,Leather Jack
Orc Warchief,9,3,6,9,6,10,7,4,5,8,Oslop (F:1-2/C:11-12) (Great),Chain Coat
Orc Warlord,8,5,6,9,6,9,6,4,4,6*,Arming Sword,Heater Shield,Chain Coat,*Suggested: PV4
Packmaster,6,5,5,6,11,7,5,3,3,2,Whip (R),(F:1-2/C:12/Unreliable),Leather Jack,Beastmaster,Slavemaster
Paw Chieftain,8,5,7,9,8,8,6,5,5,11,Arming Sword,Naval Pistol,(R12/D4/F:1-2/C:--/Slow Fire/,Unreliable),Knight’s Plate,Blade Fury (w/sword)
Paw Warlord,9,5,7,9,8,9,7,6,5,10,Arming Sword,Naval Pistol,(R12/D4/F:1-2/C:--/Slow Fire/,Unreliable),Knight’s Plate,Blade Fury
Plague Censer Bearer,6,6,5,6,11,7,5,4,3,4,Arming Sword,Modfied Plague Censer (R) x1,(D2/F:1-2/C:12/Armor Piercing/,Blast),Berserker
Plague Censer Bearer Champion,7,6,5,7,11,7,5,4,3,5,Arming Sword,Modfied Plague Censer (R) x1,(D2/F:1-2/C:12/Armor Piercing/,Blast),Berserker
Plague Censer Bearer Champion (*),7,5,5,9,9,7,5,4,3,5,Arming Sword,Modfied Plague Censer (R) x1,(D2/F:1-2/C:12/Armor Piercing/,Blast),Chain Coat,Berserker
Plague Chanter,8,6,6,7,11,7,7,4,3,14,Modfied Plague Censer (R) x1,(D2/F:1-2/C:12/Armor Piercing/,Blast),Berserker,Spellcaster (Dark Magic),Pinch of Warpstone,Vial of Swamp Gas
Plague Deacon,8,6,6,7,11,7,8,4,4,11,Arming Sword,Berserker,Spellcaster (Dark Magic),Golden Statue of a Daemon,Pinch of Warpstone,Vial of Swamp Gas x2
Plague Dervish,8,6,6,7,11,7,7,4,4*,12,Arming Sword x2*,Blade Fury,Berserker,Spellcaster (Dark Magic),Pinch of Warpstone,Vial of Swamp Gas
Plague Monk,6,6,5,6,10,7,5,4,3,4,Arming Sword,Magic Scroll (Dark Magic),Berserker
Plague Monk Champion,7,7,5,6,10,7,5,4*,3,5,Arming Sword,Magic Scroll (Dark Magic),Berserker,*Optional: W5
Plague Priest,8,6,6,7,11,7,7,4,4,10,Arming Sword,Berserker,Spellcaster (Dark Magic),Pinch of Warpstone,Vial of Swamp Gas
Poisoned Wind Globadier,6,5,5,7,7,5,7,3,3,3,Arming Sword,Poisoned Wind Globe x2,(R12/D6/F:1/C:-/Armor Piercing/,Blast/Cleaving),Chain Coat
Poisoned Wind Mortar,6,5,5,7,8,5,7,4,3,12,Arming Sword,Poisoned Wind Mortar,(R24/D8/F:1-2/C:--/ArmorPiercin,/Blast/Cleaving/Team),Chain Coat
Praznagar Prince of Agony,9,7,8*,8,9,9,9,5,6,--,Chaos Sword (+2ST*/F:--/C:12),Leather Jack,Fearsome,Undead,Type Name WS BS ST T SP BR IN W DD PV Equipment/Notes
Prince Karad (WD 121),10*,3,7*,9,6,10,7,4,5,8,Magic Sword (+1 WS/+1 ST),Fearsome (?)
Rabid Giant Rat,6,--,4,5,12,5,3,2,2,½,Claws & Fangs (F:1/C:--)
Rat Ogre,6,3,7,6,11,8,4,9,5,8,Claws and Fangs (F:1/C:--),Blade Fury,Fearsome,Large,Run Amok
Rat Ogre (WD 134),7,3,8,8,7,8,4,7,6,7,Claws and Fangs (F:1/C:--),Fearsome,Large,Run Amok
Rat Swarm,6,--,4,4,12,12,1,12,2,5,Claws and Fangs,(F:1/C:--),Blade Fury,Large
Rat Swarm Ravenloft 6 0 4 4 12 12 1 12 3 5  *FLIGHT
Rattling Gun,6,5,5,7,8,5,7,4,3,14,Arming Sword,Rattling Gun (R24/D4/F:1-2/C:-,/Blade Fury-Ranged/Clumsy/,Swift Shot/Team),Chain Coat
Razorgor,6,0,8,7,12,9,4,8,6,8,Claws & Fangs (R) (F:1/C:--),Fearsome,*Double Base
River Troll,6,4,7,6,12,6,2,9,6,8,Great Club (Great),Troll Vomit (R) (ArmorPiercing/,Blast) (MR3/D3/EX--),Fearsome,Fly,Large,Regeneration
Rutger Von Bleistift (WD 159),9,8,7,9,8,10,10,7,5,22,Claws and Fangs (F:1/C:--),Blade Fury/Fearsome/Hypnotize,Invulnerable/Regeneration,Strenght Drain,Blood Points x6 (see WD 159),Spellcaster (Dark Magic/Necro),Grave Dust x2,Miniature Golden Ankh,Pinch of Warpstone
Sabretusk,7,1,6,6,12,7,3,6,4,4,Claws & Fangs (F:1/C:--),Blade Fury,Fearsome
Shade,8,6,5,6,10,9,9,3,3,3,Arming Sword,Leather Jack,Footman’s Crossbow (Slow Fire/,Swift Shot/Ammunition-Bolt),(R36/D4/EX4)
Shade Champion,9,7,5,6,10,9,9,4,3,4,Arming Sword,Leather Jack,Footman’s Crossbow (Slow Fire/,Swift Shot/Ammunition-Bolt),(R36/D4/EX4)
Skaven Beastmaster (WD 134),7,5,6,6,10,7,5,3,3*,3,Lash (M),(F:1-2/C:11-12/Unreliable),Leather Jack,Beastmaster,*Should be DD4 given its ST
Skaven Champion,7,5,6,8,9,8,6,3,4,2,Arming Sword,Heater Shield,Chain Coat
Skaven Gutter Runner,6,6,5,5,12,6,6,3,3,2,Arming Sword,Alert
Skaven Gutter Runner (WD 134),5,6,5,5,10,6,6,3,3,3,Arming Sword,Herdsman’s Sling,(R12/D1/Swift Shot/Unreliable),Alert
Skaven Jezzailachis Team,6,6,6*,4,10,6,6,3,2*,6,Arming Sword,Warplock Jezzail,(R48/D6/F:1-2/C:--/ArmorPiercin,/Clumsy/Slow Fire/Team),*Should be either ST4 or DD4,Special Rules (see AHQ)
Skaven Night Runner,7,7,5,5,12,6,6,3,3,3,Arming Sword,Alert
Skaven Poisoned Wind Globadier,6,6,3,5,10,6,6,3,2,6,Voulge (R) (F:1-2/C:11+),Poisoned Wind Globe x6,(R12/D6/F:1/C:--/ArmorPiercing/,Blast/Cleaving),Special Rules (see AHQ)
Skaven Sentry,6,6,5,6,11,6,6,3,3,2,Arming Sword,Heater Shield,Alert,Sentry
Skaven Slave,5,4,5,6,10,3,3,2,3,½,Morning Star,Heater Shield,Slave
Skaven Slave (*),5,4,4,6,10,3,3,2,2,½,Morning Star,Heater Shield,Slave
Skaven Slave (**),5,3,5,7,9,3,3,2,3,½,Morning Star,Heater Shield,Leather Jack,Slave
Skaven Slave (WD 134),5,5,5,7,11,5,5,3,1*,½,Morning Star,Heater Shield,Leather Jack,Slave,*Should be DD3 given its ST
Skaven Slavemaster,7,5,5,5,10,6,5,3,3,3,Lash (M),(F:1-2/C:11-12/Unreliable),Leather Jack,Slavemaster
Skaven Warlord,8,5,7,8,9,9,7,4,6*,6,Bloodthirsty Glaive (R),(D+1*/F:1-2/C:11+),Chain Coat (?)
Skaven Warpfire- Thrower Team,6,6,4,4,10,6,6,3,2,10,Arming Sword,Warpfire Thrower,(MR12/D5/F:1-2/C:--/Blast/,Clumsy/Flaming/Team),Special Rules (see AHQ)
Skaven Warrior,6,5,5,7,10,6,6,3,3,1,Arming Sword,Leather Jack,Heater Shield
Skeleton,6,4,5,5,6,10,2,3,3,2,Scythe (R),(F:1-2/C:11+/Great),Fearsome
Skeleton Archer,6,5,5,5,8,11,2,3,3,2,Footman’s Bow,(R24/D3/EX4/Great/Swift Shot),Morning Star,Fearsome
Skeleton Champion Spearman,7,3,5,7,7,10,2,4,2,3,Lugged Spear (R),(R8/D1/EX7/Throw/Swift Shot),Heater Shield,Leather Jack,Fearsome
Skeleton Champion Spearman (*),7,3,5,8,6,10,2,4,2,3,Lugged Spear (R),(R8/D1/EX7/Throw/Swift Shot),Heater Shield,Chain Coat,Fearsome
Skeleton Champion Swordsman,7,3,5,7,7,10,2,4,3,3,Arming Sword,Heater Shield,Leather Jack,Fearsome
Skeleton Champion Swordsman (*),7,3,5,8,6,10,2,4,3,3,Arming Sword,Heater Shield,Chain Coat,Fearsome
Skeleton Ravenloft 6 4 5 5 6 10 2 3 3 2
Skeleton Sentry,6,5,5,5,8,11,2,3,3,2,Arming Sword,Fearsome,Sentry
Skeleton Sentry (*),6,4,5,6,7,11,2,3,3,2,Arming Sword,Leather Jack,Fearsome,Sentry
Skeleton Spearman,6,5,5,5,8,11,2,3,2,2,Lugged Spear (R),(R8/D1/EX7/Throw/Swift Shot),Fearsome
Skeleton Spearman (*),6,4,5,6,7,11,2,3,2,2,Lugged Spear (R),(R8/D1/EX7/Throw/Swift Shot),Leather Jack,Fearsome
Skeleton Swordsman,6,5,5,5,8,11,2,3,3,2,Arming Sword,Fearsome
Skeleton Swordsman (*),6,4,5,6,7,11,2,3,3,2,Arming Sword,Leather Jack,Fearsome
Slaughterbrute,6,1,9,9,12,10,1,15,7,16,Claws & Fangs (F:1/C:--),Blade Fury,Fearsome,Large
Slave Champion,6,4,5,6,10,3,3,3,3,1,Morning Star,Heater Shield,Slave
Slave Champion (*),6,3,5,7,9,3,3,3,3,1,Morning Star,Heater Shield,Leather Jack,Slave
Snotling Swarm,5,0,4,4,6,4,2,12,2,6,Morning Star,Blade Fury
Sorcerer of Nurgle (WD 121),7,3,5,7,8,9,10,4,3,11,Arming Sword,Spellbook (Jade) with:,The Green Eye,The Pool of Many Places,The Cloack of Dainne,The Emerald Waterfall
Sorcerer-Prophet,8,7,6,7,5,10,12,9,4,12,Axe (Cleaving),Spellcaster (Dark Magic),Pinch of Warpstone x2,Vial of Swamp Gas x2
Sorceress,8,6,5,6,9,8,10,6,3,8,Arming Sword,Leather Jack,Spellcaster (Dark Magic),Enhancing,Pinch of Warpstone,Vial of Swamp Gas
Spider 6 0 3 3 7 5 1 2 3 2
Spirit Host 6 1 5 5 12 9 4 10 3* 8 Arming Sword x2* Blade Fury Cleaving Fearsome Invulnerable
Squigg Hopper,6,3,6,5,6,5,2,4,4,3,Morning star,Claws and Fangs (F:1/C:--),Blade Fury
Stone Troll,6,4,7,7,12,6,2,10,6,10,Great Club (Great),Troll Vomit (R) (ArmorPiercing/,Blast) (MR3/D3/EX--),Fearsome,Large,Regeneration
Storm Vermin,7,6,5,7,8,7,6,4,3,2,Scythe (R),(F:1-2/C:11+/Great),Chain Coat
Storm Vermin (*),7,5,5,8,8,7,6,4,3,2,Arming Sword,Heater Shield,Chain Coat
Storm Vermin Claw Champion,8,5,6,8,8,7,6,4*,4,4,Arming Sword,Heater Shield,Chain Coat,*Optional: W5
Storm Vermin Claw Champion (*),8,6,6,7,8,7,6,4*,5,4,Claymore (R) (F:1-2/C:11+),(Cleaving/Great),Chain Coat,*Optional: W5
Storm Vermin Fang Champion,8,6,6,7,8,7,6,4*,4,4,Scythe (R),(F:1-2/C:11+/Great),Chain Coat,*Optional: W5
Storm Vermin Paw Champion,8,6,6,7,8,7,6,4*,4,4,Arming Sword,Naval Pistol (R12/D4/F:1-2/C:--,/Slow Fire/Unreliable),Chain Coat,*Optional: W5
Strigoi Vampire,9,7,8,6,12,9,8,6,6,12,Claws and Fangs (F:1/C:--),Blade Fury,Blood Powers,Cleaving,Fearsome,Spellcaster (Dark Magic),Miniature Silver Dagger,Vial of Swamp Gas x2
Strigoi Vampire Lord,10,8,8,7,12,11,11,9,6,19,Claws and Fangs (F:1/C:--),Blade Fury,Blood Powers,Cleaving,Fearsome,Spellcaster (Dark Magic),Miniature Silver Dagger,Vial of Swamp Gas x2
Supreme Sorceress,8,6,5,6,9,9,11,9,3,10,Arming Sword,Leather Jack,Spellcaster (Dark Magic),Enhancing,Pinch of Warpstone,Vial of Swamp Gas
The Lichemaster,9,6,7,10,9,10,10,8,4,--,Staff/Lugged Spear (R),(R8/D2/EX7/Throw/Swift Shot),Ring of Magic Protection (Lv2),Fate Points x2,Fearsome,Spellcaster (Dark Magic/Necro),Choke/Fireball x2/Flesh Flying,Flight x2/Strengtem Undead/,Inferno of Doom,
Thulgul Chaos Troll (WD 125),9,1,10,10,8,6,3,10,8,--,Claws & Fangs (F:1/C:--),Blade Fury,Fearsome,Invulnerable,Large,Regeneration,,
Tomb Banshee 6 1 5 5 12 10 5 6 3 6 Arming Sword Scream* (R8/D4/F:-/C:-/Armor Piercing) Fearsome Invulnerable *Use target’s BR (instead of TH) to resolve Damage
Tomb Champion,7,3,6,9,6,10,9,6,4,8,Lash (R),(F:1-2/C:11+/Unreliable),Chain Coat,Heater Shield,Cause Disease,Fearsome,Flammable
Tomb Emir,8,3,6,9,6,11,10,9,3,10,Lugged Spear (R),(R8/D2/EX7/Throw/Swift Shot),Heater Shield,Chain Coat,Cause Disease,Fearsome,Flammable
Tomb Guard,7,5,6,8,6,10,3,4,4,4,Scythe (R),(F:1-2/C:11+/Great/Cleaving),Chain Coat,Fearsome
Tomb Guard Champion,7,5,6,9,6,10,3,5,4,5,Scythe (R),(F:1-2/C:11+/Great/Cleaving),Chain Coat,Fearsome
Tomb Guard Champion (*),7,5,6,9,6,10,3,5,5,5,Claymore (R),(F:1-2/C:11+/Cleaving/Great),Chain Coat,Fearsome
Tomb Herald,7,3,6,9,6,10,9,6,4,8,Arming Sword,Chain Coat,Heater Shield,Cause Disease,Fearsome,Flammable
Tomb King,9,3,7,10,7,12,11,12,5,12,Arming Sword,Chain Coat,Cause Disease,Fearsome,Flammable
Tomb Noble,8,3,6,9,6,11,10,9,4,10,Whip (R),(F:1-2/C:12/Unreliable),Heater Shield,Chain Coat,Cause Disease,Fearsome,Flammable
Tomb Pharaoh,9,3,7,9,7,12,11,12,4,12,Lugged Spear (R),(R8/D2/EX7/Throw/Swift Shot),Chain Coat,Cause Disease,Fearsome,Flammable
Tomb Preceptor,7,3,6,9,6,10,9,6,3,8,Lugged Spear (R),(R8/D2/EX7/Throw/Swift Shot),Chain Coat,Heater Shield,Cause Disease,Fearsome,Flammable
Tomb Prince,8,3,6,10,6,11,10,9,4,11,Arming Sword,Heater Shield,Chain Coat,Cause Disease,Fearsome,Flammable
Tomb Sovereign,9,3,7,10,7,12,11,12,5,12,Whip (R),(F:1-2/C:12/Unreliable),Heater Shield,Chain Coat,Cause Disease,Fearsome,Flammable
Tomb Swarm,6,--,4,5,6,11,3,12,2,6,Claws and Fangs,(F:1/C:--/Cleaving),Fearsome
Troll,5,1,9,8,7,6,4,9,9,9,Huge Club* (Great),Fearsome,Large,Regeneration,*Damage Band G
Undead Champion,8,1,6,8,6,10,3,4,4,6,Arming Sword,Chain Coat,Fearsome
Ungor Axeman,7,5,5,6,10,7,7,3,3,1,Axe (Cleaving),Heater Shield
Ungor Axeman (*),7,4,5,7,9,7,7,3,3,1,Axe (Cleaving),Heater Shield,Leather Jack
Ungor Champion Axeman,8,5,6,7,10,7,7,4,4,2,Axe (Cleaving),Heater Shield
Ungor Champion Axeman (*),8,4,6,8,9,7,7,4,4,2,Axe (Cleaving),Heater Shield,Leather Jack
Ungor Champion Great Swordsman,8,5,6,7,10,7,7,4,5,2,Claymore (R) (F:1-2/C:11-12),(Cleaving/Great),Heater Shield
Ungor Champion Great Swordsman (*),8,4,6,8,9,7,7,4,5,2,Claymore (R) (F:1-2/C:11-12),(Cleaving/Great),Heater Shield,Leather Jack
Ungor Champion Spearman,8,5,6,7,10,7,7,4,3,2,Lugged Spear (R) (Throw/Swift,Shot) (MR8/D1/EX7),Heater Shield
Ungor Champion Spearman (*),8,4,6,8,9,7,7,4,3,2,Lugged Spear (R) (Throw/Swift,Shot) (MR8/D1/EX7),Heater Shield,Leather Jack
Ungor Champion Swordsman,8,5,6,7,10,7,7,4,4,2,Arming Sword,Heater Shield
Ungor Champion Swordsman (*),8,4,6,8,9,7,7,4,4,2,Arming Sword,Heater Shield,Leather Jack
Ungor Sentry,7,5,5,7,10,7,7,3,3,2,Arming Sword,Shield,Sentry
Ungor Spearman,7,5,5,6,10,7,7,3,2,1,Lugged Spear (R) (Throw/Swift,Shot) (MR8/D1/EX7),Heater Shield
Ungor Spearman (*),7,4,5,7,9,7,7,3,2,1,Lugged Spear (R) (Throw/Swift,Shot) (MR8/D1/EX7),Heater Shield,Leather Jack
Ungor Swordsman,7,5,5,6,10,7,7,3,3,1,Arming Sword,Heater Shield
Ungor Swordsman (*),7,4,5,7,9,7,7,3,3,1,Arming Sword,Heater Shield,Leather Jack
Vampire,9,8,7,9,8,10,10,6,5,14,Claws and Fangs (F:1/C:--),BladeFury/Fearsome/Hypnotize/,Invulnerable/Regeneration/,Strenght Drain,Spellcaster (Dark Magic/Necro),Fireball,Flight,Inferno of Doom
Varghulf,9,1,7,7,12,9,5,12,5,18,Claws and Fangs (F:1/C:--),Berserker,Fearsome,Fly,Large,Regeneration
Venomous Warhound,7,0,5,7*,11,9,3,3,4*,2,Claws & Fangs (F:1/C:--),Scaly Skin (+1TH)*,Venomous (+1 DD)*,Leather Jack
Von Carstein Vampire,9,4,7,10,10,9,10,6,5,14,Arming Sword,Heater Shield,Kinght’s Plate,Blood Powers/Fearsome/Fly,"Spellcaster (Dark Magic),",Pinch of Warpstone,Vial of Swamp Gas
Von Carstein Vampire Lord,10,5,7,10,10,11,11,10,4*,20,Arming Sword,Heater Shield,Knight’s Plate,Blood Powers/Fearsome/Fly,Spellcaster (Dark Magic),Pinch of Warpstone x2,Vial of Swamp Gas x2
Wargor,9,5,6,9,8,10,8,7,5,9,Great Axe (Cleaving/Great),(F:1-2/C:11-12),Chain Coat
Warhound,7,0,5,6,11,9,3,3,3,1,Claws & Fangs (F:1/C:--),Leather Jack
Warlock Apprentice,6,6,5,6,9,6,8,4,3,6,Arming Sword,Naval Pistol,(R12/D4/F:1-2/C:--/Slow Fire/,Unreliable)
Warlock Engineer,6,5,5,8,8,6,8,4,3,7,Arming Sword,Warplock Pistol,(R24/D4/F:1-2/C:--/ArmorPiercin,/Clumsy/Swift Shot/Unreliable),Chain Coat
Warlock Warpweaver,6,6,5,6,9,6,8,4,3,6,Arming Sword,Spellcaster (Dark Magic),Miniature Silver Dagger,Pinch of Warpstone
Warp Grinder,6,5,5,7,8,5,7,4,3,11,Arming Sword,Warp-Grinder (D4/F:--/C:12/,Armor Piercing Bolt/Team),Chain Coat
Warp Rat (WD 134),4,0,3,2,8,3,3,1,2,1,Claws & Fangs (F:1/C:--),Cause Disesease,Warp Rat
Warpfire Thrower,6,5,5,7,8,5,7,4,3,14,Arming Sword,Warpfire Thrower,(MR12/D5/F:1-2/C:--/Blast/,Clumsy/Flaming/Team),Chain Coat
Werewolf 8 0 7 8 11 9 5 3 5 8  Flaming Hand
Wight,9,4,6,9,7,10,6,6,4,8,Arming Sword,Chain Coat,Fearsome,Invulnerable,Strenght Drain
Wight (WD 121),6,1,5,5,5,10,2,3,3,6,Arming Sword (?),Fearsome,Invulnerable
Wight King,7,1,6,10,6,11,10,9,4,9,Arming Sword (Cleaving),Heater Shield,Knight’s Plate,Fearsome,Strength Drain
Wight Lord,7,1,6,10,6,11,10,9,4*,9,Arming Sword x2*,Kmight’s Plate,Fearsome,Blade Fury,Cleaving,Strength Drain
Wolf (WD 159),8,--,4,7,9,8,7,4,3*,3,Claws and Fangs (F:1/C:--),Fearsome (?),*Should be 2DD given its ST
Wolf Ravenloft 8 0 4 7 9 8 7 4 3 3
Wraith 6 1 5 5 12 10 4 6 3 6  *INVULNERABLE *FEARSOME
Wyvern,8,1,8,7,9,11,3,25,6,15,Claws & Fangs (F:1/C:--),Armor Piercing,Blade Fury,Fearsome,Large
Young Vampire 8 5 7 8 8 7 6 6 5 8 Flight Hypnotize
Zombie (*),5,1,5,4,6,11,1,3,3,1,Morning Star,Fearsome
Zombie,6,1,5,4,6,10,2,3,3,1,Morning Star*,Fearsome,*Optional: Cleaver,(F:1/C:--/D2/Cleaving)
Zombie Dragon 8 0 7 6 5 11 1 6 5 7 Dragon Armor *LARGE Fireballs
Zombie Ravenloft 5 1 5 4 6 11 1 3 3 1  *CAUSE DISEASE
Zombie*,3,1,5,4,6,11,1,3,3,½,Morning Star,Fearsome,*Converted from Reforged
